{
  "version": "1.1.1",
  "windows": {
    "main": {
      "main": true,
      "url": "app://editor/index.html",
      "windowType": "dockable",
      "x": 0,
      "y": 43,
      "width": 1366,
      "height": 695,
      "layout": {
        "children": [
          {
            "children": [
              {
                "active": 0,
                "children": [
                  "hierarchy"
                ],
                "height": 309,
                "type": "panel",
                "width": 218
              },
              {
                "active": 0,
                "children": [
                  "assets"
                ],
                "height": 308,
                "type": "panel",
                "width": 218
              }
            ],
            "height": 620,
            "type": "dock-v",
            "width": 218
          },
          {
            "children": [
              {
                "children": [
                  {
                    "active": 0,
                    "children": [
                      "scene"
                    ],
                    "height": 351,
                    "type": "panel",
                    "width": 534
                  },
                  {
                    "active": 0,
                    "children": [
                      "node-library"
                    ],
                    "height": 351,
                    "type": "panel",
                    "width": 264
                  }
                ],
                "height": 351,
                "type": "dock-h",
                "width": 801
              },
              {
                "active": 0,
                "children": [
                  "console",
                  "timeline",
                  "game-window"
                ],
                "height": 266,
                "type": "panel",
                "width": 801
              }
            ],
            "height": 620,
            "type": "dock-v",
            "width": 801
          },
          {
            "active": 0,
            "children": [
              "inspector",
              "cocos-services"
            ],
            "height": 620,
            "type": "panel",
            "width": 325
          }
        ],
        "type": "dock-h"
      },
      "panels": [
        "hierarchy",
        "assets",
        "scene",
        "node-library",
        "console",
        "timeline",
        "game-window",
        "inspector",
        "cocos-services"
      ]
    }
  },
  "panels": {},
  "panelLabelWidth": {
    "inspector": null
  }
}
