{
  "e97eb094-428b-43d2-bc29-c6b326c4e244": {
    "asset": 1605975644942,
    "meta": 1606000360766,
    "relativePath": "images"
  },
  "88eccf74-05e8-42f2-83bb-6fe3e3e2160a": {
    "asset": 1605944441073,
    "meta": 1605946453339,
    "relativePath": "images\\bg.png"
  },
  "95ca2d30-9ca4-476d-aa08-b58c6e204875": {
    "asset": 1606059520853,
    "meta": 1606059520903,
    "relativePath": "scenes\\game.fire"
  },
  "9431976c-3e8f-48bc-8cd0-8c42cb7e0e5a": {
    "asset": 1605947354548,
    "meta": 1605947354581,
    "relativePath": "scenes\\game_2.fire"
  },
  "bcb658a3-14ba-48a1-a606-2ba6f0c704b9": {
    "asset": 1606005852003,
    "meta": 1606037683733,
    "relativePath": "scripts"
  },
  "3ab75883-be1d-4787-a8fc-78c926aaf32c": {
    "asset": 1605975645309,
    "meta": 1606000360774,
    "relativePath": "images\\preload"
  },
  "c613060b-dd49-4e0d-a6af-b84ef673e5e4": {
    "asset": 1605948632441,
    "meta": 1605948853700,
    "relativePath": "images\\preload\\Do transaction MytelPay to get Iphone 12, Play Station 5, Skin … and million others gifts.png"
  },
  "2d672f28-ba85-4c7e-8655-a3efc017ccc6": {
    "asset": 1605948524870,
    "meta": 1605948853731,
    "relativePath": "images\\preload\\Frame.png"
  },
  "7c84c65d-6b5e-4d56-9d43-88d827bf019f": {
    "asset": 1605948501106,
    "meta": 1605948853761,
    "relativePath": "images\\preload\\Gift Zone of MytelPay.png"
  },
  "49ece1d0-e3b9-4143-a9bc-2968eab10fd3": {
    "asset": 1605948519329,
    "meta": 1605948853855,
    "relativePath": "images\\preload\\Group 856.png"
  },
  "889abc7c-319d-49cc-8375-04c101673f9b": {
    "asset": 1605948703196,
    "meta": 1605948853914,
    "relativePath": "images\\preload\\Union.png"
  },
  "2b193f7a-474c-452b-9a97-47b8bf0aebc5": {
    "asset": 1605948505340,
    "meta": 1605948853951,
    "relativePath": "images\\preload\\Main 1.png"
  },
  "d90159f7-8371-45c6-b7d2-2fe7893dd871": {
    "asset": 1605948512202,
    "meta": 1605948853997,
    "relativePath": "images\\preload\\Vector.png"
  },
  "5685bbf6-5754-4e4a-80a5-d03852ddaa91": {
    "asset": 1605948499120,
    "meta": 1605948854016,
    "relativePath": "images\\preload\\Welome to.png"
  },
  "77b45ec3-bc2b-4c23-a561-17dedf93974a": {
    "asset": 1605948488560,
    "meta": 1605948924224,
    "relativePath": "images\\preload\\btnLanguage.png"
  },
  "ae589685-cb3d-4db8-84f9-1398c6b95ed3": {
    "asset": 1605948628678,
    "meta": 1605948924241,
    "relativePath": "images\\preload\\btnMusic.png"
  },
  "0bb2e14f-82cb-4c83-8231-791f048d7f17": {
    "asset": 1605948638052,
    "meta": 1605948924271,
    "relativePath": "images\\preload\\btnPlay.png"
  },
  "ced3ab8c-1c9b-4ab1-a8d6-afb51c212f2f": {
    "asset": 1605950214782,
    "meta": 1605950236105,
    "relativePath": "images\\preload\\Main.png"
  },
  "056e36db-23ea-471b-8e0f-1366a3023f96": {
    "asset": 1605975645418,
    "meta": 1606000360774,
    "relativePath": "scenes"
  },
  "382b2462-fa27-4eb9-8afc-4e92729691f3": {
    "asset": 1605975644938,
    "meta": 1606000360771,
    "relativePath": "images\\game"
  },
  "686dfba9-8ab2-4198-acce-96cb0e6b0d87": {
    "asset": 1605968124024,
    "meta": 1605968756707,
    "relativePath": "images\\game\\Choose 1 gift.png"
  },
  "51fc396c-7062-4a1d-bf06-5ed6e6d92648": {
    "asset": 1605968127676,
    "meta": 1605968757217,
    "relativePath": "images\\game\\Group 865.png"
  },
  "1d16ae24-d3d1-446c-ae7d-d1fd6bd3d126": {
    "asset": 1605968012772,
    "meta": 1605968757338,
    "relativePath": "images\\game\\Group 880.png"
  },
  "e8227ff1-2c23-4a7b-88dd-3ff16f8ad5fa": {
    "asset": 1605968028272,
    "meta": 1605968757385,
    "relativePath": "images\\game\\Mask Group.png"
  },
  "e7bd3a5d-5849-44b0-ae88-4f978dd4cbcc": {
    "asset": 1605968145003,
    "meta": 1605968757431,
    "relativePath": "images\\game\\Shun Lei Myat Oo.png"
  },
  "8937a735-e077-4e2e-bc44-aa369f9d4ded": {
    "asset": 1605968190785,
    "meta": 1605968757467,
    "relativePath": "images\\game\\Vector.png"
  },
  "5c94cf3c-33fd-4ab7-be60-a6810b0b97dd": {
    "asset": 1605968418000,
    "meta": 1605968867921,
    "relativePath": "images\\game\\btnBack.png"
  },
  "32094813-7026-45da-9332-227f0a08154a": {
    "asset": 1605968350231,
    "meta": 1605968915050,
    "relativePath": "images\\game\\btnGetMore.png"
  },
  "f2572096-a9c6-440d-b004-ce4a1e8a81b0": {
    "asset": 1605968344639,
    "meta": 1605968915070,
    "relativePath": "images\\game\\btnPrizePool.png"
  },
  "8c044307-004f-4590-9396-85ed5be8f079": {
    "asset": 1605968341159,
    "meta": 1605968915097,
    "relativePath": "images\\game\\btnRuleGame.png"
  },
  "dd57c6b0-b341-4581-b0f5-2d34d8b6a5f9": {
    "asset": 1605968094634,
    "meta": 1605969070312,
    "relativePath": "images\\game\\Frame_1.png"
  },
  "dbc0fc01-0d19-4869-b44a-fb3c40e81be6": {
    "asset": 1605968101032,
    "meta": 1605969070345,
    "relativePath": "images\\game\\Frame_2.png"
  },
  "42758790-9661-4d4b-a92f-0551f32bf4c0": {
    "asset": 1605968088656,
    "meta": 1605969070396,
    "relativePath": "images\\game\\Frame_4.png"
  },
  "801c6e4a-affc-4aaa-b2a0-763137778c19": {
    "asset": 1605968106285,
    "meta": 1605969070410,
    "relativePath": "images\\game\\Frame_3.png"
  },
  "d67c2130-b81e-48b1-a70a-4dad85ae2da5": {
    "asset": 1605967995859,
    "meta": 1605969070438,
    "relativePath": "images\\game\\Frame_5.png"
  },
  "eef674a4-7535-440c-8e52-869911f1ae6a": {
    "asset": 1605968079174,
    "meta": 1605969070451,
    "relativePath": "images\\game\\Frame_6.png"
  },
  "b243b934-ea84-4a79-aa54-3e660067995e": {
    "asset": 1605968161348,
    "meta": 1605969152124,
    "relativePath": "images\\game\\bg_name.png"
  },
  "e502ab80-7dd8-4860-b41e-336b66c4f30d": {
    "asset": 1605968153651,
    "meta": 1605969221336,
    "relativePath": "images\\game\\avatar.png"
  },
  "d900f264-daf0-4144-a5e0-6d745d02d485": {
    "asset": 1605968199688,
    "meta": 1605969330379,
    "relativePath": "images\\game\\bg_title.png"
  },
  "849f9276-d425-4138-88e6-5d510728f90c": {
    "asset": 1605969763712,
    "meta": 1605969850447,
    "relativePath": "images\\game\\snow.png"
  },
  "9836134e-b892-4283-b6b2-78b5acf3ed45": {
    "asset": 1602897317830,
    "meta": 1606000351123,
    "relativePath": "effects"
  },
  "430eccbf-bf2c-4e6e-8c0c-884bbb487f32": {
    "asset": 1602897317793,
    "meta": 1606000351185,
    "relativePath": "effects\\__builtin-editor-gizmo-line.effect"
  },
  "6c5cf6e1-b044-4eac-9431-835644d57381": {
    "asset": 1602897317813,
    "meta": 1606000351208,
    "relativePath": "effects\\__builtin-editor-gizmo-unlit.effect"
  },
  "115286d1-2e10-49ee-aab4-341583f607e8": {
    "asset": 1602897317829,
    "meta": 1606000351270,
    "relativePath": "effects\\__builtin-editor-gizmo.effect"
  },
  "abc2cb62-7852-4525-a90d-d474487b88f2": {
    "asset": 1602897317755,
    "meta": 1606000351408,
    "relativePath": "effects\\builtin-phong.effect"
  },
  "e2f00085-c597-422d-9759-52c360279106": {
    "asset": 1602897317777,
    "meta": 1606000351508,
    "relativePath": "effects\\builtin-toon.effect"
  },
  "f8e6b000-5643-4b86-9080-aa680ce1f599": {
    "asset": 1602897318099,
    "meta": 1606000351524,
    "relativePath": "image"
  },
  "e851e89b-faa2-4484-bea6-5c01dd9f06e2": {
    "asset": 1602897317882,
    "meta": 1606000351586,
    "relativePath": "image\\default_btn_normal.png"
  },
  "71561142-4c83-4933-afca-cb7a17f67053": {
    "asset": 1602897317863,
    "meta": 1606000351593,
    "relativePath": "image\\default_btn_disabled.png"
  },
  "b43ff3c2-02bb-4874-81f7-f2dea6970f18": {
    "asset": 1602897317897,
    "meta": 1606000351640,
    "relativePath": "image\\default_btn_pressed.png"
  },
  "edd215b9-2796-4a05-aaf5-81f96c9281ce": {
    "asset": 1602897317910,
    "meta": 1606000351624,
    "relativePath": "image\\default_editbox_bg.png"
  },
  "99170b0b-d210-46f1-b213-7d9e3f23098a": {
    "asset": 1602897317935,
    "meta": 1606000351671,
    "relativePath": "image\\default_progressbar_bg.png"
  },
  "d81ec8ad-247c-4e62-aa3c-d35c4193c7af": {
    "asset": 1602897317923,
    "meta": 1606000351655,
    "relativePath": "image\\default_panel.png"
  },
  "cfef78f1-c8df-49b7-8ed0-4c953ace2621": {
    "asset": 1602897317931,
    "meta": 1606000351693,
    "relativePath": "image\\default_progressbar.png"
  },
  "567dcd80-8bf4-4535-8a5a-313f1caf078a": {
    "asset": 1602897317950,
    "meta": 1606000351709,
    "relativePath": "image\\default_radio_button_off.png"
  },
  "4bab67cb-18e6-4099-b840-355f0473f890": {
    "asset": 1602897317984,
    "meta": 1606000351740,
    "relativePath": "image\\default_scrollbar_bg.png"
  },
  "9d60001f-b5f4-4726-a629-2659e3ded0b8": {
    "asset": 1602897317961,
    "meta": 1606000351740,
    "relativePath": "image\\default_radio_button_on.png"
  },
  "d6d3ca85-4681-47c1-b5dd-d036a9d39ea2": {
    "asset": 1602897317997,
    "meta": 1606000351771,
    "relativePath": "image\\default_scrollbar_vertical.png"
  },
  "617323dd-11f4-4dd3-8eec-0caf6b3b45b9": {
    "asset": 1602897318012,
    "meta": 1606000351771,
    "relativePath": "image\\default_scrollbar_vertical_bg.png"
  },
  "0291c134-b3da-4098-b7b5-e397edbe947f": {
    "asset": 1602897317966,
    "meta": 1606000351809,
    "relativePath": "image\\default_scrollbar.png"
  },
  "0275e94c-56a7-410f-bd1a-fc7483f7d14a": {
    "asset": 1602897318039,
    "meta": 1606000351825,
    "relativePath": "image\\default_sprite_splash.png"
  },
  "73a0903d-d80e-4e3c-aa67-f999543c08f5": {
    "asset": 1602897318044,
    "meta": 1606000351854,
    "relativePath": "image\\default_toggle_checkmark.png"
  },
  "6e056173-d285-473c-b206-40a7fff5386e": {
    "asset": 1602897318025,
    "meta": 1606000351839,
    "relativePath": "image\\default_sprite.png"
  },
  "c25b9d50-c8fc-4d27-beeb-6e7c1f2e5c0f": {
    "asset": 1602897318062,
    "meta": 1606000351886,
    "relativePath": "image\\default_toggle_disabled.png"
  },
  "d29077ba-1627-4a72-9579-7b56a235340c": {
    "asset": 1602897318084,
    "meta": 1606000351894,
    "relativePath": "image\\default_toggle_normal.png"
  },
  "b181c1e4-0a72-4a91-bfb0-ae6f36ca60bd": {
    "asset": 1602897318094,
    "meta": 1606000351925,
    "relativePath": "image\\default_toggle_pressed.png"
  },
  "5c3eedba-6c41-4c0c-9ba7-d91f813cbd1c": {
    "asset": 1602897318124,
    "meta": 1606000351925,
    "relativePath": "materials"
  },
  "600301aa-3357-4a10-b086-84f011fa32ba": {
    "asset": 1602897317848,
    "meta": 1606000351940,
    "relativePath": "image\\default-particle.png"
  },
  "fc09f9bd-2cce-4605-b630-8145ef809ed6": {
    "asset": 1602897318147,
    "meta": 1606000351956,
    "relativePath": "misc"
  },
  "c4480a0a-6ac5-443f-8b40-361a14257fc8": {
    "asset": 1602897318135,
    "meta": 1606000353530,
    "relativePath": "materials\\builtin-phong.mtl"
  },
  "db019bf7-f71c-4111-98cf-918ea180cb48": {
    "asset": 1602897318296,
    "meta": 1606000351972,
    "relativePath": "model"
  },
  "e39e96e6-6f6e-413f-bcf1-ac7679bb648a": {
    "asset": 1602897318275,
    "meta": 1606000351972,
    "relativePath": "model\\prefab"
  },
  "a87cc147-01b2-43f8-8e42-a7ca90b0c757": {
    "asset": 1606000351972,
    "meta": 1606000351994,
    "relativePath": "model\\prefab\\box.prefab"
  },
  "fe1417b6-fe6b-46a4-ae7c-9fd331f33a2a": {
    "asset": 1606000352009,
    "meta": 1606000352025,
    "relativePath": "model\\prefab\\capsule.prefab"
  },
  "2be36297-9abb-4fee-8049-9ed5e271da8a": {
    "asset": 1602897318145,
    "meta": 1606000352009,
    "relativePath": "misc\\default_video.mp4"
  },
  "b5fc2cf2-7942-483d-be1f-bbeadc4714ad": {
    "asset": 1606000352025,
    "meta": 1606000352025,
    "relativePath": "model\\prefab\\cone.prefab"
  },
  "1c5e4038-953a-44c2-b620-0bbfc6170477": {
    "asset": 1606000352041,
    "meta": 1606000352041,
    "relativePath": "model\\prefab\\cylinder.prefab"
  },
  "3f376125-a699-40ca-ad05-04d662eaa1f2": {
    "asset": 1606000352041,
    "meta": 1606000352056,
    "relativePath": "model\\prefab\\plane.prefab"
  },
  "6c9ef10d-b479-420b-bfe6-39cdda6a8ae0": {
    "asset": 1606000352056,
    "meta": 1606000352072,
    "relativePath": "model\\prefab\\quad.prefab"
  },
  "2d9a4b85-b0ab-4c46-84c5-18f393ab2058": {
    "asset": 1606000352072,
    "meta": 1606000352088,
    "relativePath": "model\\prefab\\sphere.prefab"
  },
  "de510076-056b-484f-b94c-83bef217d0e1": {
    "asset": 1606000352157,
    "meta": 1606000352172,
    "relativePath": "model\\prefab\\torus.prefab"
  },
  "f6e6dd15-71d1-4ffe-ace7-24fd39942c05": {
    "asset": 1602897318330,
    "meta": 1606000352172,
    "relativePath": "obsolete"
  },
  "8a96b965-2dc0-4e03-aa90-3b79cb93b5b4": {
    "asset": 1602897318316,
    "meta": 1606000352210,
    "relativePath": "obsolete\\atom.png"
  },
  "f743d2b6-b7ea-4c14-a55b-547ed4d0a045": {
    "asset": 1602897318384,
    "meta": 1606000352210,
    "relativePath": "particle"
  },
  "b8223619-7e38-47c4-841f-9160c232495a": {
    "asset": 1602897318313,
    "meta": 1606000353582,
    "relativePath": "obsolete\\atom.plist"
  },
  "b2687ac4-099e-403c-a192-ff477686f4f5": {
    "asset": 1602897318378,
    "meta": 1606000353574,
    "relativePath": "particle\\atom.plist"
  },
  "d0a82d39-bede-46c4-b698-c81ff0dedfff": {
    "asset": 1602897318382,
    "meta": 1606000352241,
    "relativePath": "particle\\atom.png"
  },
  "ae6c6c98-11e4-452f-8758-75f5c6a56e83": {
    "asset": 1602897318737,
    "meta": 1606000352241,
    "relativePath": "prefab"
  },
  "897ef7a1-4860-4f64-968d-f5924b18668a": {
    "asset": 1606000352273,
    "meta": 1606000352288,
    "relativePath": "prefab\\2d-camera.prefab"
  },
  "70d7cdb0-04cd-41bb-9480-c06a4785f386": {
    "asset": 1606000352295,
    "meta": 1606000352310,
    "relativePath": "prefab\\3d-camera.prefab"
  },
  "70bbeb73-6dc2-4ee4-8faf-76b3a0e34ec4": {
    "asset": 1606000352342,
    "meta": 1606000352357,
    "relativePath": "prefab\\3d-particle.prefab"
  },
  "ed88f13d-fcad-4848-aa35-65a2cb973584": {
    "asset": 1606000352373,
    "meta": 1606000352395,
    "relativePath": "prefab\\3d-stage.prefab"
  },
  "972b9a4d-47ee-4c74-b5c3-61d8a69bc29f": {
    "asset": 1606000352395,
    "meta": 1606000352411,
    "relativePath": "prefab\\button.prefab"
  },
  "2c937608-2562-40ea-b264-7395df6f0cea": {
    "asset": 1606000352442,
    "meta": 1606000352442,
    "relativePath": "prefab\\canvas.prefab"
  },
  "61aeb05b-3b32-452b-8eed-2b76deeed554": {
    "asset": 1606000352473,
    "meta": 1606000352495,
    "relativePath": "prefab\\editbox.prefab"
  },
  "27756ebb-3d33-44b0-9b96-e858fadd4dd4": {
    "asset": 1606000352495,
    "meta": 1606000352511,
    "relativePath": "prefab\\label.prefab"
  },
  "785a442c-3ceb-45be-a46e-7317f625f3b9": {
    "asset": 1606000352542,
    "meta": 1606000352542,
    "relativePath": "prefab\\layout.prefab"
  },
  "a3ee0214-b432-4865-9666-4a3211814282": {
    "asset": 1602897318550,
    "meta": 1606000352558,
    "relativePath": "prefab\\light"
  },
  "61906da3-7003-4bda-9abc-5769c76faee4": {
    "asset": 1606000352596,
    "meta": 1606000352596,
    "relativePath": "prefab\\light\\ambient.prefab"
  },
  "ddb99b39-7004-47cd-9705-751905c43c46": {
    "asset": 1606000352627,
    "meta": 1606000352627,
    "relativePath": "prefab\\light\\directional.prefab"
  },
  "0cf30284-9073-46bc-9eba-e62b69dbbff3": {
    "asset": 1606000352642,
    "meta": 1606000352658,
    "relativePath": "prefab\\light\\point.prefab"
  },
  "f5331fd2-bf42-4ee3-a3fd-3e1657600eff": {
    "asset": 1606000352674,
    "meta": 1606000352696,
    "relativePath": "prefab\\light\\spot.prefab"
  },
  "ca8401fe-ad6e-41a8-bd46-8e3e4e9945be": {
    "asset": 1606000352727,
    "meta": 1606000352743,
    "relativePath": "prefab\\pageview.prefab"
  },
  "cd33edea-55f5-46c2-958d-357a01384a36": {
    "asset": 1606000352711,
    "meta": 1606000352727,
    "relativePath": "prefab\\particlesystem.prefab"
  },
  "5965ffac-69da-4b55-bcde-9225d0613c28": {
    "asset": 1606000352743,
    "meta": 1606000352758,
    "relativePath": "prefab\\progressBar.prefab"
  },
  "4a37dd57-78cd-4cec-aad4-f11a73d12b63": {
    "asset": 1606000352758,
    "meta": 1606000352774,
    "relativePath": "prefab\\richtext.prefab"
  },
  "32044bd2-481f-4cf1-a656-e2b2fb1594eb": {
    "asset": 1606000352812,
    "meta": 1606000352812,
    "relativePath": "prefab\\scrollview.prefab"
  },
  "0004d1cf-a0ad-47d8-ab17-34d3db9d35a3": {
    "asset": 1606000352790,
    "meta": 1606000352796,
    "relativePath": "prefab\\slider.prefab"
  },
  "1f55e3be-b89b-4b79-88de-47fd31018044": {
    "asset": 1606000352843,
    "meta": 1606000352859,
    "relativePath": "prefab\\sprite_splash.prefab"
  },
  "96083d03-c332-4a3f-9386-d03e2d19e8ee": {
    "asset": 1606000352827,
    "meta": 1606000352843,
    "relativePath": "prefab\\sprite.prefab"
  },
  "7de03a80-4457-438d-95a7-3e7cdffd6086": {
    "asset": 1606000352859,
    "meta": 1606000352874,
    "relativePath": "prefab\\tiledmap.prefab"
  },
  "0e42ba95-1fa1-46aa-b2cf-143cd1bcee2c": {
    "asset": 1606000352874,
    "meta": 1606000352874,
    "relativePath": "prefab\\tiledtile.prefab"
  },
  "0d784963-d024-4ea6-a7db-03be0ad63010": {
    "asset": 1606000352896,
    "meta": 1606000352896,
    "relativePath": "prefab\\toggle.prefab"
  },
  "bf0a434c-84dd-4a8e-a08a-7a36f180cc75": {
    "asset": 1606000352896,
    "meta": 1606000352912,
    "relativePath": "prefab\\toggleContainer.prefab"
  },
  "d1b8be49-b0a0-435c-83b7-552bed4bbe35": {
    "asset": 1606000352928,
    "meta": 1606000352943,
    "relativePath": "prefab\\toggleGroup.prefab"
  },
  "232d2782-c4bd-4bb4-9e01-909f03d6d3b9": {
    "asset": 1606000352943,
    "meta": 1606000352959,
    "relativePath": "prefab\\videoplayer.prefab"
  },
  "d8afc78c-4eac-4a9f-83dd-67bc70344d33": {
    "asset": 1602897318900,
    "meta": 1606000352959,
    "relativePath": "resources"
  },
  "294c1663-4adf-4a1e-a795-53808011a38a": {
    "asset": 1602897318896,
    "meta": 1606000352974,
    "relativePath": "resources\\effects"
  },
  "8c5001fd-07ee-4a4b-a8a0-63e15195e94d": {
    "asset": 1606000353075,
    "meta": 1606000353097,
    "relativePath": "prefab\\webview.prefab"
  },
  "30682f87-9f0d-4f17-8a44-72863791461b": {
    "asset": 1602897318760,
    "meta": 1606000352990,
    "relativePath": "resources\\effects\\builtin-2d-graphics.effect"
  },
  "144c3297-af63-49e8-b8ef-1cfa29b3be28": {
    "asset": 1602897318781,
    "meta": 1606000353012,
    "relativePath": "resources\\effects\\builtin-2d-gray-sprite.effect"
  },
  "f18742d7-56d2-4eb5-ae49-2d9d710b37c8": {
    "asset": 1602897318797,
    "meta": 1606000353043,
    "relativePath": "resources\\effects\\builtin-2d-label.effect"
  },
  "0e93aeaa-0b53-4e40-b8e0-6268b4e07bd7": {
    "asset": 1602897318810,
    "meta": 1606000353075,
    "relativePath": "resources\\effects\\builtin-2d-spine.effect"
  },
  "2874f8dd-416c-4440-81b7-555975426e93": {
    "asset": 1602897318830,
    "meta": 1606000353113,
    "relativePath": "resources\\effects\\builtin-2d-sprite.effect"
  },
  "829a282c-b049-4019-bd38-5ace8d8a6417": {
    "asset": 1602897318845,
    "meta": 1606000353275,
    "relativePath": "resources\\effects\\builtin-3d-particle.effect"
  },
  "2a7c0036-e0b3-4fe1-8998-89a54b8a2bec": {
    "asset": 1602897318857,
    "meta": 1606000353329,
    "relativePath": "resources\\effects\\builtin-3d-trail.effect"
  },
  "c0040c95-c57f-49cd-9cbc-12316b73d0d4": {
    "asset": 1602897318862,
    "meta": 1606000353344,
    "relativePath": "resources\\effects\\builtin-clear-stencil.effect"
  },
  "6d91e591-4ce0-465c-809f-610ec95019c6": {
    "asset": 1602897318880,
    "meta": 1606000353376,
    "relativePath": "resources\\effects\\builtin-unlit.effect"
  },
  "bbee2217-c261-49bd-a8ce-708d6bcc3500": {
    "asset": 1602897319044,
    "meta": 1606000353398,
    "relativePath": "resources\\materials"
  },
  "6f801092-0c37-4f30-89ef-c8d960825b36": {
    "asset": 1602897318915,
    "meta": 1606000353672,
    "relativePath": "resources\\materials\\builtin-2d-base.mtl"
  },
  "a153945d-2511-4c14-be7b-05d242f47d57": {
    "asset": 1602897318924,
    "meta": 1606000353675,
    "relativePath": "resources\\materials\\builtin-2d-graphics.mtl"
  },
  "3a7bb79f-32fd-422e-ada2-96f518fed422": {
    "asset": 1602897318941,
    "meta": 1606000353679,
    "relativePath": "resources\\materials\\builtin-2d-gray-sprite.mtl"
  },
  "e02d87d4-e599-4d16-8001-e14891ac6506": {
    "asset": 1602897318955,
    "meta": 1606000353682,
    "relativePath": "resources\\materials\\builtin-2d-label.mtl"
  },
  "7afd064b-113f-480e-b793-8817d19f63c3": {
    "asset": 1602897318965,
    "meta": 1606000353686,
    "relativePath": "resources\\materials\\builtin-2d-spine.mtl"
  },
  "eca5d2f2-8ef6-41c2-bbe6-f9c79d09c432": {
    "asset": 1602897318982,
    "meta": 1606000353690,
    "relativePath": "resources\\materials\\builtin-2d-sprite.mtl"
  },
  "432fa09c-cf03-4cff-a186-982604408a07": {
    "asset": 1602897318997,
    "meta": 1606000353701,
    "relativePath": "resources\\materials\\builtin-3d-particle.mtl"
  },
  "466d4f9b-e5f4-4ea8-85d5-3c6e9a65658a": {
    "asset": 1602897319009,
    "meta": 1606000353694,
    "relativePath": "resources\\materials\\builtin-3d-trail.mtl"
  },
  "cf7e0bb8-a81c-44a9-ad79-d28d43991032": {
    "asset": 1602897319023,
    "meta": 1606000353698,
    "relativePath": "resources\\materials\\builtin-clear-stencil.mtl"
  },
  "954fec8b-cd16-4bb9-a3b7-7719660e7558": {
    "asset": 1602897318294,
    "meta": 1606000360160,
    "relativePath": "model\\primitives.fbx"
  },
  "2a296057-247c-4a1c-bbeb-0548b6c98650": {
    "asset": 1602897319029,
    "meta": 1606000353705,
    "relativePath": "resources\\materials\\builtin-unlit.mtl"
  },
  "ea358587-de39-4511-a83e-d746fdaa48d8": {
    "asset": 1605968292462,
    "meta": 1605969983777,
    "relativePath": "images\\game\\Attempt_bg.png"
  },
  "e82b29cc-c2ed-4e1b-8e25-df92a0252b32": {
    "asset": 1605968177776,
    "meta": 1605969983799,
    "relativePath": "images\\game\\Attempt_icon.png"
  },
  "bca3a90b-b898-47a1-ab9e-bca3da3a9d0b": {
    "asset": 1605968334089,
    "meta": 1605970760156,
    "relativePath": "images\\game\\bg_card.png"
  },
  "08b12c99-db04-4157-8200-5186217a9d8d": {
    "asset": 1606044416871,
    "meta": 1606047787200,
    "relativePath": "prefabs"
  },
  "16186984-2aa9-4873-969c-09b60ca4a9c1": {
    "asset": 1606043327738,
    "meta": 1606043327752,
    "relativePath": "prefabs\\card.prefab"
  },
  "5d5107bc-d6d6-4ac1-895d-620016cd9299": {
    "asset": 1605975645496,
    "meta": 1606000360781,
    "relativePath": "scripts\\game"
  },
  "6e8a62b1-f946-492c-b2f5-19efc8d787c7": {
    "asset": 1606009121324,
    "meta": 1606037683746,
    "relativePath": "scripts\\states"
  },
  "c67ec32c-28f4-49ad-a3e4-71efbac7500d": {
    "asset": 1606038710298,
    "meta": 1606038721043,
    "relativePath": "scripts\\states\\InGame.ts"
  },
  "de10a8ad-d287-4232-ba52-154d9e4740f1": {
    "asset": 1606041599106,
    "meta": 1606041608811,
    "relativePath": "scripts\\states\\PreLoad.ts"
  },
  "718e289f-a588-4831-abae-7eaa85e66058": {
    "asset": 1606043986811,
    "meta": 1606043990951,
    "relativePath": "scripts\\game\\CardMgr.ts"
  },
  "be5dba6a-61fa-4521-82b3-eaf83586718e": {
    "asset": 1606054545917,
    "meta": 1606054896344,
    "relativePath": "scripts\\game\\GameDefine.ts"
  },
  "149c4f61-d48e-46e7-90ec-e4f8e42200df": {
    "asset": 1606054715264,
    "meta": 1606054896693,
    "relativePath": "scripts\\states\\Manager.ts"
  },
  "af37f268-aa6e-49d4-b1d4-cd5c52fbee62": {
    "asset": 1606055410120,
    "meta": 1606055410408,
    "relativePath": "scripts\\states\\popup"
  },
  "3a3d9c76-6e25-477a-bc91-ffc62f3f0f98": {
    "asset": 1606057823700,
    "meta": 1606057823746,
    "relativePath": "images\\popup"
  },
  "85fbc760-5ec4-4351-8d2d-108e50f720f6": {
    "asset": 1606057823730,
    "meta": 1606057823749,
    "relativePath": "images\\popup\\get1attempt"
  },
  "40c2661b-112b-472f-bf79-ec83d44c4d08": {
    "asset": 1606044170156,
    "meta": 1606057823828,
    "relativePath": "images\\popup\\get1attempt\\Frame.png"
  },
  "1f3d64a0-ba5d-430c-b5d0-db732511fbe6": {
    "asset": 1606044206000,
    "meta": 1606057823899,
    "relativePath": "images\\popup\\get1attempt\\Group 885.png"
  },
  "5b97bce8-cf46-48f3-9cca-c0a710f38007": {
    "asset": 1606058947051,
    "meta": 1606058949346,
    "relativePath": "scripts\\game\\Card.ts"
  },
  "8073b5d0-a33a-41d6-ac74-435a8921c315": {
    "asset": 1606059417332,
    "meta": 1606059476522,
    "relativePath": "images\\popup\\get1attempt\\btnOk.png"
  },
  "ad2e77dd-f127-4117-b3c0-fc70eb5d6b02": {
    "asset": 1606059568060,
    "meta": 1606059570113,
    "relativePath": "scripts\\states\\popup\\GetOneAttempt.ts"
  }
}